tool,step,command,mean,stddev,median,user,system,min,max
Tool 1,Import,"echo ""import data in tool 1"";sleep 1;",1.00310995314,0.0013090745621852642,1.00310995314,0.003591845,0.0,1.00218429764,1.00403560864
Tool 1,Search,"echo ""searching with tool 1"";sleep 2;",2.00319400532,0.0014681035843808602,2.00319400532,0.0012458624999999999,0.0026182975,2.00215589932,2.00423211132
Tool 2,Import,"echo ""import data in tool 2"";sleep 3;",3.002489415625,0.0020846413006058513,3.002489415625,0.0016124250000000002,0.00108088,3.001015351625,3.003963479625
Tool 2,Search,"echo ""searching with tool 2"";sleep 4;",4.002433565095,0.00245798448868412,4.002433565095,0.002886604999999999,0.0,4.000695507595,4.004171622595
